{
  "nodes": [
    {
      "id": 0,
      "parent": null,
      "operator": "root",
      "family": "baseline-esm2-mae",
      "status": "ok",
      "kept": true,
      "metrics": {
        "ec.micro_auprc": 0.5347553527969139,
        "ec.fmax": 0.5086630929475847,
        "ec.ce": 0.010381371339112749,
        "go.go_mf": 0.4664633549609014,
        "go.go_bp": 0.3600271947180603,
        "go.go_cc": 0.3905403702962993,
        "go.fmax": 0.40567697332508695,
        "go.micro_auprc": 0.40269630678243334,
        "repsp.auprc": 0.2868939584679212,
        "repsp.max_f1": 0.3247023629050189,
        "contact.p_at_l": 0.04962770942961575,
        "contact.p_at_l5": 0.07420610324702563,
        "contact.n_eval": 300.0,
        "contact.attn_p_at_l": 0.09716769479307341,
        "contact.attn_p_at_l5": 0.1648244668489979
      },
      "n_params": 33269280.0,
      "params_ratio": 1.0,
      "tokens": 3001024512.0,
      "steps": 2862.0,
      "runtime_s": 10054.620488405228,
      "gpu": {
        "name": "NVIDIA L40S",
        "smi_index": 2,
        "uuid": "807af8eb-1c5e-dd09-942f-037b6def8b1e",
        "matched": true
      },
      "flops": {
        "exaflops": 0.6636,
        "train_step_flops": 113247682560.0,
        "iso_flop_ratio": 1.0
      }
    },
    {
      "id": 1,
      "parent": null,
      "operator": "draft",
      "family": "sparse-moe",
      "status": "crashed",
      "kept": false,
      "metrics": {},
      "n_params": null,
      "params_ratio": null,
      "tokens": null,
      "steps": null,
      "runtime_s": 104.67597579956055,
      "gpu": {
        "name": "NVIDIA L40S",
        "smi_index": 1,
        "uuid": "97a28f52-029f-fd3f-284b-05bdb872dd76",
        "matched": true
      },
      "flops": {
        "exaflops": 0.6644,
        "train_step_flops": 113389240320.0,
        "iso_flop_ratio": 1.0012
      }
    },
    {
      "id": 2,
      "parent": null,
      "operator": "draft",
      "family": "hourglass",
      "status": "ok",
      "kept": true,
      "metrics": {
        "ec.micro_auprc": 0.5475926978851129,
        "ec.fmax": 0.5258874236844037,
        "ec.ce": 0.010068686412505436,
        "go.go_mf": 0.4914854367211426,
        "go.go_bp": 0.37956612583342986,
        "go.go_cc": 0.3969588608158459,
        "go.fmax": 0.4226701411234728,
        "go.micro_auprc": 0.41135730553372235,
        "repsp.auprc": 0.32211145385708195,
        "repsp.max_f1": 0.34303014905149054,
        "contact.p_at_l": 0.041729672815328515,
        "contact.p_at_l5": 0.04882613760435108,
        "contact.n_eval": 300.0
      },
      "n_params": 66752640.0,
      "params_ratio": 2.006,
      "tokens": 3001024512.0,
      "steps": 2862.0,
      "runtime_s": 5722.508420467377,
      "gpu": {
        "name": "NVIDIA H100 NVL",
        "smi_index": 7,
        "uuid": "8702b094-e8f5-6bfe-eb1d-29c2443053cb",
        "matched": true
      },
      "flops": {
        "exaflops": 0.6555,
        "train_step_flops": 111871641600.0,
        "iso_flop_ratio": 0.9878
      }
    },
    {
      "id": 3,
      "parent": null,
      "operator": "draft",
      "family": "mixture-of-depths",
      "status": "ok",
      "kept": false,
      "metrics": {
        "ec.micro_auprc": 0.5219290958248493,
        "ec.fmax": 0.49685970670158375,
        "ec.ce": 0.010474165405879265,
        "go.go_mf": 0.46028910420664243,
        "go.go_bp": 0.37063264252641986,
        "go.go_cc": 0.3940823400099548,
        "go.fmax": 0.40833469558100566,
        "go.micro_auprc": 0.40325778415069063,
        "repsp.auprc": 0.2851665917301157,
        "repsp.max_f1": 0.3239935432577638,
        "contact.p_at_l": 0.047021591781129836,
        "contact.p_at_l5": 0.05868749283058352,
        "contact.n_eval": 300.0
      },
      "n_params": 49899840.0,
      "params_ratio": 1.5,
      "tokens": 3001024512.0,
      "steps": 2862.0,
      "runtime_s": 6084.291039228439,
      "gpu": {
        "name": "NVIDIA H100 NVL",
        "smi_index": 6,
        "uuid": "793692a4-c2bd-d006-d7ca-5d5a3cea72d0",
        "matched": true
      },
      "flops": {
        "exaflops": 0.6508,
        "train_step_flops": 111073904640.0,
        "iso_flop_ratio": 0.9808
      }
    },
    {
      "id": 4,
      "parent": null,
      "operator": "draft",
      "family": "self-conditioning",
      "status": "ok",
      "kept": false,
      "metrics": {
        "ec.micro_auprc": 0.5277008186402272,
        "ec.fmax": 0.5164263174151416,
        "ec.ce": 0.010502016418093986,
        "go.go_mf": 0.469872300643551,
        "go.go_bp": 0.36390703077807146,
        "go.go_cc": 0.39531925855846334,
        "go.fmax": 0.4096995299933619,
        "go.micro_auprc": 0.39981154398274005,
        "repsp.auprc": 0.28167458419201896,
        "repsp.max_f1": 0.3207224171873662,
        "contact.p_at_l": 0.05483788052387055,
        "contact.p_at_l5": 0.07782927940536515,
        "contact.n_eval": 300.0
      },
      "n_params": 16890753.0,
      "params_ratio": 0.508,
      "tokens": 3001024512.0,
      "steps": 2862.0,
      "runtime_s": 9091.0339448452,
      "gpu": {
        "name": "NVIDIA A100 80GB PCIe",
        "smi_index": 5,
        "uuid": "31f248fd-5aa4-3d92-6f6c-18712acfda1c",
        "matched": true
      },
      "flops": {
        "exaflops": 0.6683,
        "train_step_flops": 114052792320.0,
        "iso_flop_ratio": 1.0071
      }
    }
  ],
  "metric_keys": [
    "ec.micro_auprc",
    "ec.ce",
    "ec.fmax",
    "go.fmax",
    "go.go_bp",
    "go.go_cc",
    "go.go_mf",
    "go.micro_auprc",
    "repsp.auprc",
    "repsp.max_f1",
    "contact.attn_p_at_l",
    "contact.attn_p_at_l5",
    "contact.p_at_l",
    "contact.p_at_l5"
  ],
  "primary": "ec.micro_auprc",
  "anchors": {
    "ec.micro_auprc": 0.765,
    "ec.fmax": 0.734,
    "ec.ce": 0.0065,
    "go.fmax": 0.56,
    "go.micro_auprc": 0.565,
    "repsp.auprc": 0.534,
    "contact.p_at_l": 0.2198,
    "contact.attn_p_at_l": 0.2627
  },
  "lower_is_better": [
    "ec.ce"
  ],
  "generated_at": "2026-07-09T21:39:19Z"
}
